Alias,Fname,Lname,MiddleInitial,Name,Password,ManagerAlias,Gender,Title,Department,Office,HomePhone,StreetAddress,City,State,PostalCode,Country,CountryCode
DustinL,Dustin,Leake,,Dustin Leake,labpass@word1,HenryW,Male,Interviewer,Human Resources,131/106,+1 425 555 0105,"205 108th Ave. NE, Suite 400",Bellevue,WA,98004,United States,US
EliasH,Elias,Haddad,,Elias Haddad,labpass@word1,MindyC,Male,HR staff,Human Resources,131/106,+1 480 555 0106,"64 E. Rio Salado Parkway, Suite 1200",Tempe,AZ,85285,United States,US
HenryW,Henry,Wickham,,Henry Wickham,labpass@word1,MindyC,Male,Senior HR staff,Human Resources,8/202,+1 425 555 0109,"205 108th Ave. NE, Suite 400",Bellevue,WA,98004,United States,US
MindyC,Mindy,Cooper,,Mindy Cooper,labpass@word1,,Female,Hiring manager,Human Resources,6/104,+1 858 555 0110,"9256 Towne Center Dr., Suite 400",San Diego,CA,92121,United States,US
PatriciaB,Patricia,Baxter,,Patricia Baxter,labpass@word1,HenryW,Female,Interviewer,Human Resources,131/108,+1 206 555 0108,320 Westlake Ave N. Thomas St.,Seattle,WA,98109,United States,US
RonW,Ron,Withrow,,Ron Withrow,labpass@word1,HenryW,Male,Interviewer,Human Resources,131/103,+1 858 555 0109,"9255 Towne Center Dr., Suite 400",San Diego,CA,92121,United States,US
VelmaF,Velma,Frederick,,Velma Frederick,labpass@word1,MindyC,Female,HR staff,Human Resources,131/108,+1 480 555 0106,"64 E. Rio Salado Parkway, Suite 1200",Tempe,AZ,85285,United States,US
BartF,Bart,Fredrick,,Bart Fredrick,labpass@word1,,Male,Interviewee,,,+1 212 555 5445,"18 West North Ave, Suite 3",New York,NY,10011,United States,US
DeboraM,Debora,Morse,,Debora Morse,labpass@word1,,Female,Interviewee,,,+1 213 555.0998,"101 Sunnyside Place, Apt L3",Los Angeles,CA,91016,United States,US
DonnaD,Donna,Delaney,,Donna Delaney,labpass@word1,,Female,Interviewee,,,+1 972 555 3101,3321 Allen St,Dallas,TX,75039,United States,US
EllenR,Ellen,Reeves,,Ellen Reeves,labpass@word1,,Female,Interviewee,,,+1 628 555 4321,77 Bridgeport Station,San Francisco,CA,94164,United States,US
LyndaT,Lynda,Trevino,,Lynda Trevino,labpass@word1,,Female,Interviewee,,,+1 720 555 1019,329 Big Bend Way,Denver,CO,80210,United States,US
NataliaG,Natalia,Gill,,Natalia Gill,labpass@word1,,Female,Interviewee,,,+1 786 555.8987,7419 Bingo Court,Miami,FL,33130,United States,US
SamuelR,Samuel,Rodman,,Samuel Rodman,labpass@word1,,Male,Interviewee,,,+1 415 555 7689,54312 Winding Road,San Francisco,CA,94112,United States,US
ScottyC,Scotty,Cothran,,Scotty Cothran,labpass@word1,,Male,Interviewee,,,+1 917 555 3456,"987 Alleyway Drive, Apt 78",New York,NY,10014,United States,US
WallaceS,Wallace,Santoro,,Wallace Santoro,labpass@word1,,Male,Interviewee,,,+1 718 555 1232,"15 15th East Ave, Suite 33",New York,NY,10001,United States,US